date,holiday,sales_promotion,competitor_spend,instagram_spend,google_ads_spend,tv_spend,youtube_spend,newspaper_spend,influencer_spend,ott_spend,sales,instagram_spend_transformed,google_ads_spend_transformed,tv_spend_transformed,youtube_spend_transformed,newspaper_spend_transformed,influencer_spend_transformed,ott_spend_transformed
2022-03-01,0,BOGO,262550.0,54880.0,0.0,47580.0,57190.0,0.0,34610.0,0.0,1084031.0,0.9640320573598951,0.0,1.0635315330493762,1.268593838371211,0.0,1.1172754918529888,0.0
2022-03-08,0,Normal,310750.0,67170.0,0.0,60140.0,64150.0,0.0,18000.0,0.0,1225796.0,1.2447924577818559,0.0,1.5118658341737785,1.5870357093445229,0.0,0.988242566507719,0.0
2022-03-15,0,Flash Sale,361600.0,90520.0,0.0,52180.0,30710.0,0.0,48300.0,0.0,1445628.0,1.4855576058165982,0.0,1.6488611851787742,1.3681656696854736,0.0,1.4761175931609787,0.0
2022-03-22,0,Normal,293650.0,77800.0,0.0,41940.0,39610.0,0.0,49160.0,0.0,1445965.0,1.4644098076629652,0.0,1.6471957897703464,1.3715475642643324,0.0,1.5961193829856042,0.0
2022-03-29,0,Normal,343700.0,87050.0,0.0,29720.0,23430.0,0.0,34790.0,0.0,1370267.0,1.5196636844168858,0.0,1.5475849925824574,1.1705224337207838,0.0,1.4462989192053455,0.0
2022-04-05,0,Coupons,318300.0,52330.0,94970.0,58500.0,64970.0,8860.0,0.0,38860.0,2487650.0,1.2859426074535847,1.0962967900218712,1.7141450599996049,1.5671589148081913,1.2459672078897086,0.6801681480346146,0.8838727576924732
2022-04-12,0,Coupons,316400.0,69670.0,0.0,58780.0,50350.0,5540.0,0.0,53650.0,2679131.0,1.346737827625988,0.3354805365003781,1.8040471192765948,1.5617949175585955,1.3314503328315348,0.256394866966668,1.3384037185173143
2022-04-19,0,Coupons,280950.0,83670.0,87970.0,58780.0,58820.0,6810.0,0.0,55960.0,2748338.0,1.4648136746573976,1.0735954422454135,1.8543481220862372,1.6362049929990825,1.4578247771755088,0.08404594837918174,1.554558494132951
2022-04-26,0,Normal,311100.0,76520.0,105240.0,47180.0,46080.0,9660.0,0.0,34980.0,2683154.0,1.4492564699992876,1.2792007147611784,1.810443457846976,1.5504508251329505,1.676758258518628,0.025963668770778114,1.5081239350612554
2022-05-03,0,Normal,256600.0,0.0,60510.0,38380.0,31190.0,0.0,17330.0,59780.0,2584839.0,0.6820780339366341,1.025550272034123,1.7223659038472514,1.355663533560452,1.1550226135153003,0.711789460580326,1.666911456021203
2022-05-10,0,Normal,288150.0,0.0,109840.0,43110.0,62520.0,0.0,30810.0,62920.0,2501527.0,0.25727064829199536,1.298242236118831,1.7005680906077334,1.5985352762360159,0.7357504342955355,1.1448629830686468,1.771058486393409
2022-05-17,0,Coupons,345200.0,0.0,114340.0,31490.0,64830.0,0.0,18670.0,63460.0,2320027.0,0.08435818907259046,1.3691825818955046,1.597659820141449,1.7003013896054981,0.43406798339746,1.012316579715464,1.8318736223115115
2022-05-24,0,Normal,270800.0,0.0,84280.0,68600.0,24900.0,0.0,49430.0,74500.0,2359810.0,0.026062953353620726,1.210495244716981,1.8081792153313696,1.3617537117781173,0.24040326128855036,1.4957552498879385,1.9271890413665722
2022-05-31,0,Normal,226450.0,0.0,61770.0,68010.0,44420.0,6920.0,23650.0,73670.0,2320258.0,0.007890456940706315,1.0178895074091647,1.912580826732928,1.4222318701732044,1.121665425422477,1.2366589363995906,1.976105742985475
2022-06-07,1,Coupons,279350.0,0.0,91530.0,65890.0,59950.0,7270.0,16660.0,58930.0,2221923.0,0.0023736811785496736,1.1861158825517069,1.95851037308101,1.5969078172118614,1.4028774041493621,1.0017922979195912,1.9289860709644442
2022-06-14,0,Coupons,274300.0,0.0,74530.0,64010.0,32350.0,7690.0,40410.0,37340.0,2276577.0,0.0007126961487765444,1.104916000705999,1.9747409342032287,1.3914891973028953,1.543881897928273,1.3656060715403766,1.7739719873298543
2022-06-21,0,Coupons,330200.0,0.0,117930.0,68990.0,55360.0,6240.0,48910.0,62030.0,2367597.0,0.0002138621829594811,1.355499885977051,2.011277289263657,1.5438105256754473,1.5228760289696455,1.5647848298844769,1.8251301929124892
2022-06-28,0,BOGO,337900.0,93330.0,69560.0,38040.0,60880.0,9770.0,20130.0,0.0,2900439.0,1.3241240239458463,1.1103898287588363,1.8563015761618538,1.6474494971363427,1.7089809043882442,1.2031560935564234,1.4163776808691724
2022-07-05,0,BOGO,332250.0,55070.0,76560.0,68040.0,44120.0,5320.0,14850.0,0.0,2726334.0,1.2399764222458944,1.1032062160863985,1.93905102314238,1.5367017899033297,1.557841446741507,0.9483961785067416,1.0554601326042945
2022-07-12,0,BOGO,328900.0,56560.0,82740.0,41650.0,28570.0,5330.0,18890.0,0.0,2609397.0,1.2262924082246436,1.143956120340468,1.8296166482503844,1.3181492206055199,1.47338224944953,0.9543213782717644,0.7532908248104454
2022-07-19,0,Coupons,266250.0,69100.0,92830.0,50860.0,30790.0,5720.0,43240.0,0.0,2695776.0,1.3257905722876402,1.2166867105494494,1.8190867432556082,1.2443332256183817,1.4541111766049468,1.3983166879440523,0.5154470690532803
2022-07-26,0,Normal,292850.0,62550.0,114660.0,64450.0,31050.0,5530.0,14970.0,0.0,2579692.0,1.302510782237051,1.3562157444313294,1.897435536323021,1.2166582769254632,1.4317281820812315,1.0310564443943837,0.3397754468924915
2022-08-02,0,Coupons,250600.0,82200.0,0.0,0.0,0.0,6450.0,46550.0,37890.0,2633937.0,1.4430010796144177,0.4550774070363032,1.4818914099812905,0.6680114240482283,1.4806232050849948,1.4602867349786217,0.9660641763374719
2022-08-09,0,Coupons,277750.0,53420.0,0.0,0.0,0.0,8510.0,31970.0,64050.0,2364807.0,1.2666955179554005,0.10908673570890356,1.1121066432480036,0.32218640189985115,1.6245857107250143,1.358873237077234,1.4626644343615143
2022-08-16,0,BOGO,289800.0,97580.0,0.0,0.0,0.0,9920.0,14240.0,34870.0,2144070.0,1.536692636178798,0.022790136504629164,0.7995117016318342,0.14154887115350348,1.7597035112020938,0.9983049255518923,1.4504179952547076
2022-08-23,0,BOGO,292050.0,58430.0,0.0,0.0,0.0,7980.0,25360.0,58390.0,1932550.0,1.3407587814225235,0.004599767985689284,0.5508187382299603,0.0590447599900549,1.7291213704753368,1.1055834868517924,1.6278621132012598
2022-08-30,0,Normal,319350.0,100290.0,96550.0,46760.0,26690.0,9030.0,52290.0,0.0,2656074.0,1.5709354751218996,1.1076188885923615,1.1953456920599412,0.7962082376030454,1.7650148428467225,1.5503992053949278,1.2400496153759504
2022-09-06,0,Coupons,310200.0,94210.0,118770.0,33670.0,27470.0,6340.0,31940.0,0.0,2736480.0,1.5949705255236695,1.360453852915221,1.3150499359182881,0.9986059138126833,1.6472742453396387,1.38925751806866,0.9056224080736558
2022-09-13,0,BOGO,365200.0,48310.0,66980.0,59490.0,23800.0,6230.0,47030.0,0.0,2584619.0,1.2827363122023188,1.093683353363111,1.6106947247169863,1.0113941879430581,1.5764261092535206,1.5471515551821342,0.6334410029049182
2022-09-20,0,Normal,241900.0,75390.0,101070.0,55330.0,49430.0,8290.0,47830.0,0.0,4339745.0,1.3889085805182697,1.257928862800411,1.7244218735491161,1.3632364069185308,1.65552024570875,1.5996833464130764,0.425561511100775
2022-09-27,0,Coupons,237000.0,0.0,94850.0,61300.0,45840.0,0.0,0.0,73570.0,2589731.0,0.643505767033759,1.251095486405904,1.826006360143198,1.4379711356547784,1.1371601982730295,0.7818168532658474,1.3880690039302646
2022-10-04,0,Normal,287950.0,0.0,90230.0,61320.0,40110.0,0.0,0.0,48960.0,2237643.0,0.23975863335157457,1.2215437023456794,1.8824674899994627,1.4054575540664918,0.7221965226913373,0.30426760761988486,1.524675393438822
2022-10-11,0,Coupons,265900.0,0.0,88970.0,30080.0,29020.0,0.0,0.0,62260.0,2027385.0,0.0781480262613488,1.2076545151258804,1.7121449655997194,1.26069562365265,0.42492479407851425,0.10137315864122726,1.6922464113860973
2022-10-18,0,Coupons,321050.0,0.0,122970.0,47640.0,47760.0,0.0,0.0,42120.0,1902666.0,0.024092248523207346,1.3986678506396044,1.7269496511459295,1.422039700343878,0.23486474484109293,0.0315053149494416,1.6483513341132987
2022-10-25,0,Normal,300075.0,0.0,89350.0,59480.0,37910.0,0.0,0.0,63210.0,1845447.0,0.007288815384213627,1.248490786170666,1.81564064807968,1.3743339634523617,0.12431176366258234,0.009556251425561697,1.7628865349988398
2022-11-01,0,Normal,319650.0,69240.0,115280.0,0.0,50340.0,6540.0,38120.0,71660.0,2864555.0,1.1147885060326486,1.365149262998127,1.4078129231931205,1.4885567864231655,1.0626601575801018,1.1841656508247844,1.8743484955665108
2022-11-08,0,Normal,294750.0,53600.0,88200.0,0.0,38650.0,7150.0,31120.0,57050.0,2792291.0,1.1628659357108242,1.2337974920603163,1.0480921039091815,1.4108810910076883,1.3725489655681615,1.2611642533984766,1.8555173352580618
2022-11-15,0,BOGO,303250.0,59040.0,89710.0,0.0,33070.0,7410.0,38600.0,54230.0,2770003.0,1.2252285095342743,1.2147712732435156,0.7473145419560272,1.3131161622760796,1.5137482502947763,1.3993237105971033,1.8276092187233643
2022-11-22,0,Flash Sale,246500.0,68400.0,89010.0,0.0,25930.0,6290.0,28660.0,47770.0,2745466.0,1.3199893568464354,1.2065360094881554,0.5109017311761451,1.1773990175892803,1.5106925943098544,1.2861164301589976,1.7710970531102912
2022-11-29,1,Coupons,282100.0,46980.0,67780.0,68570.0,45250.0,0.0,48110.0,57220.0,2816455.0,1.1668126466647957,1.0615415187436417,1.4190855633865294,1.36624796445076,1.0170165963964068,1.535639118558762,1.7946975052068563
2022-12-06,0,Normal,328850.0,75180.0,86430.0,46160.0,47580.0,0.0,19890.0,38150.0,2818988.0,1.3573382407787138,1.1606489214579208,1.5518052500362003,1.4573627230507873,0.6325830269188221,1.1863622693202518,1.6873055894798163
2022-12-13,0,BOGO,305200.0,59020.0,70080.0,36450.0,33910.0,0.0,20080.0,41120.0,2756408.0,1.283812256335715,1.0678489998143028,1.5443489017718939,1.3437265216647998,0.3654992633292937,1.0562929681601885,1.638179276769709
2022-12-20,1,Flash Sale,300750.0,90990.0,106820.0,35380.0,65390.0,0.0,28310.0,75180.0,2944231.0,1.4980079045363186,1.2874600939327334,1.5306611930250158,1.6205028023877748,0.19935621608503817,1.1770779385611194,1.8302030456199314
2022-12-27,0,Coupons,261350.0,49970.0,117690.0,59470.0,46310.0,0.0,37330.0,43760.0,2984431.0,1.2581598223852724,1.3849391377711444,1.7125841109204294,1.5458310347764026,0.10463776583195211,1.3588205062970113,1.7475343450227676
2023-01-03,0,BOGO,302950.0,63650.0,0.0,58450.0,59170.0,8550.0,0.0,48640.0,2702894.0,1.2912061070701208,0.4693262471501355,1.8010215945896209,1.6333660878389384,1.2368679536262603,0.6245900048439311,1.7266790577001068
2023-01-10,0,Coupons,300075.0,74100.0,0.0,53410.0,46940.0,7580.0,0.0,56510.0,2453675.0,1.3816689463651828,0.11313519438194372,1.818477671647145,1.55734534261831,1.4680931878342962,0.2313053869645275,1.764473600137673
2023-01-17,0,Normal,350400.0,71710.0,0.0,48750.0,43710.0,6140.0,0.0,55530.0,2189446.0,1.3898390620181924,0.02367420367645414,1.7985201634683656,1.4933316826478358,1.4785437906142476,0.07517538561444262,1.7804639854043218
2023-01-31,0,Normal,330100.0,85430.0,0.0,67930.0,0.0,5650.0,32510.0,42320.0,2268294.0,1.4883013610167175,0.004779890545239611,1.9068979588344188,0.8674202964794788,1.4521766943134713,1.083551431246055,1.7058884812187982
2023-02-07,0,BOGO,275100.0,92500.0,0.0,60550.0,0.0,8640.0,41240.0,50750.0,2328522.0,1.560911688307776,0.0009578076448008352,1.9246693121797058,0.4397406052627198,1.6195881013824729,1.3955054732787988,1.7153418873431714
2023-02-14,0,BOGO,342450.0,91580.0,0.0,31350.0,0.0,5890.0,15240.0,40160.0,2074024.0,1.5760973886835625,0.0001916349346581605,1.7511751120020176,0.19960614939651802,1.5415252034642457,1.0355519347413522,1.6492185409004807
2023-02-21,0,BOGO,314700.0,66080.0,0.0,67070.0,0.0,8680.0,25390.0,67720.0,2066642.0,1.4119945221247903,3.832992496008844e-05,1.8764518005790922,0.08467998905949373,1.660481167450001,1.1163421695220352,1.791222136438667
2023-02-28,0,Coupons,317150.0,69500.0,0.0,60960.0,0.0,0.0,39200.0,49940.0,2008727.0,1.3827014484713636,7.666102527570504e-06,1.9092605567341168,0.03473710798016677,1.1413272204605225,1.3725378978760452,1.7618623750064444
2023-03-07,0,Normal,300075.0,55500.0,0.0,50290.0,0.0,0.0,31100.0,42730.0,1866823.0,1.2630729606184186,1.5332252070515462e-06,1.8646169903887408,0.01403997207723971,0.7253532115446041,1.3168257116017612,1.6966533796104184
2023-03-14,0,Flash Sale,262300.0,75690.0,0.0,31780.0,0.0,0.0,38240.0,41930.0,1914204.0,1.3858621684191061,3.0664522947272974e-07,1.7117883559181866,0.005639665297995922,0.4270506273424891,1.4089546819518164,1.6497834200070634
2023-03-21,0,Normal,357800.0,76550.0,0.0,31910.0,0.0,0.0,37170.0,60520.0,1789035.0,1.4260661538277355,6.132905341705016e-08,1.6084927929482835,0.002259684248697456,0.23615069360047872,1.4197611881042465,1.7466566751372572
2023-03-28,0,Normal,333100.0,69300.0,0.0,52170.0,0.0,0.0,24520.0,50510.0,1751493.0,1.3855916595100901,1.226581098431026e-08,1.700504538130909,0.0009044865324193822,0.12503010274119633,1.2231312480072458,1.7382313681942958
2023-04-04,0,Normal,267850.0,98300.0,74430.0,0.0,50530.0,0.0,0.0,48400.0,1219737.0,1.569635583228772,0.9407899734841498,1.3045488972723447,1.181289143094729,0.06446784572834198,0.5419423250388491,1.7194195558379743
2023-04-11,0,Normal,292500.0,72180.0,80050.0,0.0,28400.0,0.0,0.0,58970.0,2338863.0,1.4528083995872834,1.0960583665462316,0.9599690203946104,1.1545636496455682,0.0327533458161484,0.19540471719730915,1.7756313283622491
2023-04-18,0,Normal,262200.0,74990.0,106880.0,0.0,24100.0,0.0,0.0,73570.0,2350345.0,1.434901016315505,1.2923893824765071,0.6764939516952656,1.080480981494586,0.016510764622206804,0.0627314671992294,1.891791746651245
2023-04-25,0,Coupons,323100.0,83630.0,65850.0,0.0,18180.0,0.0,0.0,40020.0,2176596.0,1.4888204105706535,1.0682349178181336,0.4575397793744603,0.9520097610616693,0.00828945759261128,0.019236059862640056,1.764969471657825
2023-05-02,0,Coupons,300075.0,95610.0,67710.0,58660.0,22860.0,7640.0,44020.0,0.0,2748420.0,1.580170377093536,1.030699101519548,1.3046368687404992,0.977569877639736,1.1440564457652678,1.286883134615453,1.362215891600626
2023-05-09,0,Coupons,325300.0,50070.0,80970.0,43110.0,44880.0,6510.0,41060.0,0.0,2662340.0,1.291104162507451,1.1183689595093034,1.4656170022352502,1.299893173994852,1.3582109598250398,1.4413071976800647,1.0090164292605102
2023-05-16,0,BOGO,296650.0,76240.0,97840.0,41360.0,55820.0,8480.0,35090.0,0.0,2726911.0,1.3974044288717997,1.2427887837702907,1.5361736318297252,1.5178016457742847,1.5716744055687062,1.3994331208216904,0.7157601247697041
2023-05-23,0,BOGO,280000.0,64530.0,92000.0,53260.0,65220.0,9300.0,18600.0,0.0,2651083.0,1.3404880532235406,1.2307467327166426,1.669791039684137,1.675148403308376,1.7059516186619204,1.1056132946107748,0.4870110950980545
2023-05-30,0,Coupons,306850.0,87500.0,89980.0,60900.0,0.0,7500.0,19780.0,0.0,2591668.0,1.4890235630361577,1.2158314134531392,1.7941174265762683,1.0064366913231522,1.6770028376348456,1.0230422676184487,0.3195199258486489
2023-06-06,0,Normal,326200.0,93720.0,81130.0,43040.0,0.0,6400.0,22660.0,0.0,2488580.0,1.568654446891219,1.1560102798483682,1.7446875039367715,0.5272897435226649,1.6021102240811975,1.0581178162598108,0.2036590184861445
2023-06-13,0,BOGO,317450.0,73500.0,83390.0,38380.0,0.0,6840.0,41590.0,0.0,2465652.0,1.4615663326087116,1.15860531432136,1.6797713670142986,0.24508788365891898,1.5879017040917716,1.3951420507921632,0.1270977831323005
2023-06-20,0,Coupons,270600.0,60700.0,97330.0,66160.0,0.0,6020.0,29950.0,0.0,2417050.0,1.331864513888844,1.2469422062707003,1.833508352635237,0.1053446115942229,1.5324001523007675,1.3057034047984064,0.07817958424913231
2023-06-27,0,BOGO,254650.0,55640.0,81170.0,57020.0,27450.0,7790.0,23600.0,0.0,2380399.0,1.2473608921478483,1.1629598456737396,1.8604062281128537,0.8203044700356166,1.607811932423312,1.1660808204464868,0.047637211415937845
2023-07-11,0,Coupons,265250.0,95270.0,66390.0,48600.0,47050.0,10180.0,41230.0,0.0,2476555.0,1.5174358627579023,1.0413902606669954,1.8234274597220252,1.2840301321015344,1.7649298736045262,1.4140774632562714,0.028853756020816877
2023-07-18,0,Normal,256650.0,88780.0,113160.0,35740.0,32130.0,7630.0,46840.0,0.0,2535087.0,1.5459621535455028,1.3194683042808582,1.7120772079921351,1.24713887064295,1.7143567233854147,1.551178366848882,0.017411963111239322
2023-07-25,0,Coupons,279150.0,69700.0,112110.0,42710.0,22400.0,9450.0,16850.0,0.0,2427118.0,1.4274534623444002,1.3612461836843999,1.691337590142245,1.0963481507317325,1.7779557349925823,1.1366558044368724,0.010483516407471295
2023-08-01,0,Normal,256400.0,67370.0,0.0,48290.0,0.0,0.0,27950.0,39760.0,1277735.0,1.371656005980567,0.45755796487694755,1.7193544137743986,0.5862778093455895,1.2409429005864887,1.1926122249233955,0.8999462949423268
2023-08-08,0,Normal,325200.0,73820.0,0.0,39500.0,0.0,0.0,17380.0,72010.0,2383079.0,1.4023337856353413,0.10978855862211782,1.672048463611475,0.2768090067181446,0.8017489305383251,1.0011530160763573,1.5057433209365756
2023-08-15,0,Coupons,252100.0,101550.0,0.0,42800.0,0.0,0.0,16810.0,76200.0,2368185.0,1.5935548540996622,0.02294319408621233,1.6676848563769218,0.12006112973675545,0.4791605299050547,0.9223802676556825,1.7731639881034948
2023-08-22,0,Coupons,292200.0,104660.0,0.0,36880.0,0.0,0.0,31920.0,38990.0,2226527.0,1.662050196430543,0.004630943331963756,1.6193883800843132,0.049767125747701896,0.2680091961777011,1.209335641772498,1.6787178124804025
2023-08-29,0,Normal,268900.0,47840.0,0.0,0.0,23390.0,6280.0,21540.0,0.0,1879916.0,1.3070286680414158,0.0009279059064217462,1.232560382021886,0.7254793245000217,1.0677704503303866,1.0936926367394155,1.2851495132849773
2023-09-05,0,Normal,261350.0,60560.0,0.0,0.0,43190.0,5210.0,23700.0,0.0,1682505.0,1.2805731985668893,0.00018565007481721114,0.8993481123224565,1.2108899859822952,1.2268866323354304,1.0998880596925604,0.9435653985702522
2023-09-12,0,Normal,342150.0,71200.0,0.0,0.0,65580.0,8290.0,17040.0,0.0,1481568.0,1.3569367780309742,3.713277234184261e-05,0.6285020666579547,1.5837898645499033,1.5090168544737461,0.9607516846743649,0.663448012965804
2023-09-19,0,Normal,311850.0,60530.0,0.0,0.0,45890.0,8750.0,17720.0,0.0,1326539.0,1.2959715354757344,7.426664776610271e-06,0.4219157771521092,1.5261003423557282,1.649944850468994,0.9309881768930954,0.4478123533803105
2023-09-26,0,Coupons,300600.0,93390.0,0.0,0.0,35350.0,7290.0,37660.0,0.0,1364555.0,1.5166566285952585,1.4853373677565846e-06,0.2737819521318779,1.391254475853843,1.6372164934645899,1.3080219278606058,0.2918715445675885
2023-10-03,0,BOGO,304400.0,56700.0,69020.0,0.0,0.0,8790.0,30430.0,72110.0,2243589.0,1.3199238997699454,0.895463080857047,0.17307631110435093,0.7920671546407504,1.7096725058126674,1.2858650067927,1.3451685965617786
2023-10-10,0,Coupons,346050.0,86750.0,109990.0,0.0,0.0,7760.0,39690.0,62760.0,2466519.0,1.478705740866853,1.280369373309501,0.10739513382261265,0.39419002210910936,1.6923865959842528,1.4215905955078798,1.6088480717501432
2023-10-17,0,Normal,329750.0,47120.0,92290.0,0.0,0.0,8660.0,44560.0,68740.0,2403882.0,1.226431433937536,1.240231102770403,0.06581064252594651,0.17669990465578955,1.7292832268550282,1.524065862242638,1.776737094133573
2023-10-24,0,Normal,317200.0,83530.0,94530.0,0.0,0.0,6180.0,20580.0,33860.0,2350735.0,1.4331427807135837,1.2456261430008704,0.04000374857978166,0.07446642985900259,1.6185094733093328,1.1939567315120905,1.6455457769536546
2023-10-31,0,BOGO,300075.0,0.0,69530.0,0.0,0.0,6070.0,18710.0,79670.0,2438487.0,0.6716966417756138,1.0832258723488162,0.024193761801741185,0.03045516834430966,1.5516596407533096,1.0302535926091585,1.8597421867126718
2023-11-07,0,Coupons,281800.0,0.0,89590.0,53310.0,0.0,8440.0,37960.0,49620.0,2362617.0,0.2525211586474902,1.185094059040732,1.1441204535519058,0.01229359158796842,1.6522209304330562,1.3339753234017122,1.8028246006812483
2023-11-14,0,BOGO,274150.0,0.0,121550.0,49810.0,0.0,7070.0,22720.0,52550.0,2270695.0,0.0826669718691473,1.3875621136677114,1.4514450432647217,0.004935587285451874,1.6263508863538139,1.1596592614834282,1.7851799062084308
2023-11-21,0,BOGO,315400.0,0.0,80720.0,36850.0,0.0,9350.0,39480.0,46930.0,2124504.0,0.025525442220328674,1.1924130621105637,1.4884994257220419,0.0019771590760379342,1.7326971923028667,1.3869299539060886,1.738989329144823
2023-11-28,0,Normal,278750.0,66730.0,0.0,0.0,49500.0,8290.0,21380.0,0.0,2373599.0,1.0920204298032599,0.3777543834936662,1.117847890004716,1.1671959759711814,1.7307577006437505,1.1540961428711696,1.3389283227259465
2023-12-05,0,Flash Sale,234250.0,45650.0,0.0,0.0,51560.0,8190.0,32720.0,0.0,2168724.0,1.079598345988469,0.08782854261733111,0.804222988720839,1.4325646399284981,1.7248182127212695,1.2796994437500724,0.9891588712115915
2023-12-12,0,Normal,249500.0,60510.0,0.0,0.0,37420.0,9490.0,16690.0,0.0,1819672.0,1.2154229073925562,0.018193668646111244,0.5544456120152391,1.3732319030921702,1.7847559339218486,1.018985301796782,0.6998164164774182
2023-12-19,1,Normal,275000.0,59180.0,0.0,0.0,62100.0,7170.0,17150.0,0.0,2478409.0,1.2415205200613881,0.003665310879729068,0.3678223078934717,1.6002993253862798,1.701655585645214,0.9361570015145576,0.47500972142578574
2023-12-26,0,BOGO,345750.0,58280.0,0.0,0.0,38460.0,6530.0,21340.0,0.0,1374278.0,1.241561464298507,0.0007341377241671905,0.2364555086173734,1.4587550623716659,1.6226677738575797,1.0054236156544991,0.31102101156984063
2024-01-02,0,Flash Sale,310400.0,0.0,113550.0,56780.0,0.0,7100.0,37670.0,0.0,2059541.0,0.5529099534354075,1.2188020358179263,1.2306206135469,0.8416710100738134,1.6129686095011724,1.3239558255359825,0.1979412145794796
2024-01-09,1,Coupons,303450.0,0.0,82260.0,48110.0,0.0,6380.0,19290.0,0.0,1760669.0,0.20007241946947701,1.1640732405874903,1.4751566805471878,0.4240227476835381,1.5669475849428784,1.0898014065038724,0.12339785919223197
2024-01-16,0,Normal,288450.0,0.0,73750.0,58210.0,0.0,7420.0,34500.0,0.0,1699802.0,0.06433290413502987,1.0947128722018484,1.6758502252250056,0.1916434242122646,1.6033850157197211,1.2925561057643484,0.07584992957645968
2024-01-23,0,Normal,237800.0,0.0,84230.0,55720.0,0.0,5450.0,18890.0,0.0,1591889.0,0.01973812455245134,1.1522587111664315,1.7625111991709177,0.08111482503939864,1.505885232835694,1.0698914809787963,0.046196708412770356
2024-01-30,0,Normal,329400.0,0.0,119020.0,41190.0,54740.0,8200.0,0.0,76440.0,1939879.0,0.005962451998977297,1.3688549426281904,1.7116518849537674,1.2470769538795057,1.6185764952919655,0.4539497925465073,1.3407989895186856
2024-02-06,0,Normal,313800.0,0.0,112160.0,53440.0,21480.0,6390.0,0.0,39100.0,1873143.0,0.0017924714019450611,1.371176692190342,1.766959240887878,1.0824875907563876,1.5704688706792005,0.15901512879142987,1.4164073340787977
2024-02-13,0,BOGO,277300.0,0.0,124190.0,53110.0,44380.0,6810.0,0.0,46380.0,1941233.0,0.000538078861329114,1.4337206865913543,1.796553021343918,1.3255272101794253,1.5702372959147002,0.05041427778391029,1.5191774298488645
2024-02-20,0,BOGO,384850.0,0.0,91310.0,45660.0,27790.0,8530.0,0.0,42960.0,1812993.0,0.00016145406111000047,1.2683851957356174,1.764276512528322,1.208248560523376,1.665432105843114,0.015392930090856334,1.5499385839541895
2024-02-27,0,BOGO,254050.0,83920.0,67790.0,0.0,33800.0,0.0,0.0,62660.0,2487202.0,1.2472382122131038,1.0762567350873218,1.361593939253134,1.2382539353740938,1.1454891496057844,0.004642808901084181,1.707798914956606
2024-03-05,0,Coupons,326700.0,59810.0,119740.0,0.0,25750.0,0.0,0.0,36770.0,2350602.0,1.256240809013954,1.3608805887201465,1.0084852009144833,1.1412291642637766,0.7285092222590174,0.0013951074161918286,1.6201705989972432
2024-03-12,0,Flash Sale,229500.0,90130.0,80580.0,0.0,37500.0,0.0,0.0,48310.0,2421968.0,1.485662977041884,1.1850942050965232,0.7153327887232657,1.2607705011747574,0.4291781934424039,0.0004187366269573583,1.6482748114527566
2024-03-19,0,Coupons,279750.0,60600.0,103340.0,0.0,61750.0,0.0,0.0,66870.0,2299843.0,1.339385909737637,1.2872790088825068,0.4866888083786636,1.5625335237339633,0.23743877170619376,0.00012563939985312688,1.7855345324549499
2024-03-26,0,Coupons,267200.0,64760.0,112450.0,0.0,23680.0,0.0,0.0,39610.0,2230484.0,1.3242354079874707,1.3569900920704245,0.3192913060635964,1.271620605230519,0.1257500400046806,3.7693477435876525e-05,1.6910778903032941
2024-04-02,0,Normal,341350.0,82170.0,109460.0,41910.0,0.0,0.0,24530.0,40470.0,2694169.0,1.4485015771247196,1.3543001236379204,1.0634210181324033,0.706384771204413,0.064850353083048,0.8991755864912759,1.6359419895638792
2024-04-09,0,BOGO,313800.0,66860.0,99180.0,64140.0,0.0,0.0,32160.0,72740.0,2879209.0,1.374574817729293,1.2964307203586438,1.5463780645741274,0.34405801766044375,0.032950780485443316,1.2084258690230636,1.814674180876581
2024-04-16,0,BOGO,250250.0,89620.0,58010.0,43100.0,0.0,0.0,38700.0,82390.0,2936225.0,1.5118644194884234,1.0111118517783282,1.5962852482756424,0.15208929137521418,0.016611103345086833,1.387295075170068,1.9593386865397084
2024-04-23,0,Normal,263350.0,55990.0,111860.0,47010.0,0.0,0.0,23410.0,76560.0,2843715.0,1.3125437431896385,1.3075892781850014,1.6553022701421538,0.06363718651064017,0.008340042370298157,1.1915609907362126,2.008870710786669
2024-04-30,0,Coupons,323450.0,62870.0,0.0,61160.0,38940.0,6980.0,14780.0,43480.0,2663844.0,1.3010403367989958,0.43142519926811557,1.7882016017582296,1.0175937662747,1.0835117629697475,0.9423045633387165,1.8659454659755221
2024-05-07,0,BOGO,192650.0,94400.0,0.0,49710.0,32330.0,8810.0,16300.0,82360.0,2730339.0,1.5244007918969524,0.10245730249768574,1.7865292333131093,1.1478643697969815,1.4906184001427345,0.8913040474514121,1.9861355094747306
2024-05-14,0,Normal,244600.0,47120.0,0.0,40080.0,24300.0,5250.0,19120.0,62530.0,2394576.0,1.2443218913065541,0.02134849002352647,1.718981903384372,1.0806387214801696,1.4320444264287626,0.9429702780882426,1.954124308032445
2024-05-21,1,Coupons,313750.0,65750.0,0.0,38720.0,54410.0,10020.0,45050.0,81280.0,2354787.0,1.3041996167640464,0.004306314374850651,1.6659547356298232,1.4375181772755437,1.6853115484492311,1.4224179388734473,2.028840330047389
2024-05-28,0,Coupons,323400.0,0.0,107090.0,50340.0,0.0,5520.0,23420.0,57390.0,2568552.0,0.5907941451270866,1.1781249098618303,1.7193736512053288,0.8259692342179646,1.5560074244024689,1.2046974849634,1.954536515341903
2024-06-04,0,Coupons,290050.0,0.0,105050.0,43440.0,0.0,8260.0,21960.0,63090.0,2437131.0,0.21642220068374196,1.295893116904593,1.701137427998481,0.4145156321208992,1.644521252758544,1.1004709794328977,1.937618689592648
2024-06-11,0,Coupons,260350.0,0.0,60430.0,66360.0,0.0,8870.0,30380.0,77300.0,2330319.0,0.06998113182342647,1.0292797374508158,1.8458177319546527,0.18685705776348965,1.7170997577997547,1.2257864820643831,2.0001925461240835
2024-06-18,0,Normal,282050.0,0.0,83330.0,65050.0,0.0,7300.0,21020.0,52830.0,2174479.0,0.021513303990769842,1.1341698015205792,1.9158806669693311,0.07897935937043628,1.6723124845691435,1.0889171572316199,1.9117796083562357
2024-06-25,0,Normal,336850.0,0.0,84610.0,56120.0,0.0,7540.0,16810.0,71090.0,2064426.0,0.006502726436815727,1.1623262890024828,1.9040080496346472,0.03234404022081252,1.661954408306976,0.9517202183562792,1.9540578037064988
2024-07-02,0,Flash Sale,300075.0,0.0,59300.0,51660.0,50260.0,5350.0,24150.0,74270.0,2173935.0,0.0019552617489213696,0.9872916436229604,1.8697789352730085,1.1815102976639107,1.5325741177809815,1.0688517612352493,1.9945341323896453
2024-07-09,0,Normal,321750.0,0.0,113030.0,58750.0,54030.0,6180.0,22010.0,72580.0,2219761.0,0.0005869800493871905,1.3107255814226981,1.8921998121297212,1.4628720427355792,1.5134330404721925,1.0582892874972818,2.0098127333439955
2024-07-16,0,Normal,308550.0,0.0,63770.0,56940.0,56460.0,7490.0,47000.0,67590.0,2271007.0,0.00017613019493299608,1.0578125735626116,1.8946240925365083,1.5790946926856746,1.5819723582935235,1.471819665868166,1.9943506078821958
2024-07-23,0,Normal,318200.0,0.0,101230.0,51490.0,27430.0,5580.0,31010.0,78940.0,2274930.0,5.284231585017555e-05,1.2528909961255683,1.862911600267527,1.326036023033795,1.5022609815381398,1.3480085817642586,2.040383080877639
2024-07-30,0,Coupons,324450.0,69170.0,0.0,0.0,45580.0,8330.0,34300.0,73620.0,2691520.0,1.1133942642773713,0.40552485637537516,1.4505548189028825,1.421523085130554,1.6241455642378633,1.3591853789419852,2.042102547421238
2024-08-06,0,Normal,279400.0,66310.0,0.0,0.0,24000.0,8980.0,41000.0,40210.0,2465363.0,1.2735512960565012,0.09532647514032991,1.084948785628982,1.2029549636696593,1.7132347635651781,1.4595711575863823,1.8708281743676942
2024-08-13,0,BOGO,247100.0,86490.0,0.0,0.0,42090.0,7990.0,22070.0,57850.0,2320155.0,1.465265746310533,0.019806141998954557,0.7772920570052229,1.3384161490378568,1.7059429148031402,1.1947180560534238,1.857937908464539
2024-08-20,0,Normal,376550.0,74710.0,0.0,0.0,53950.0,7690.0,15880.0,52960.0,1978582.0,1.436756797994051,0.003992735413332342,0.5337667164749137,1.5121010252472502,1.686876254731279,0.9686450382094532,1.8216230242760034
2024-08-27,0,Normal,300600.0,0.0,61300.0,67010.0,46320.0,5770.0,19530.0,60250.0,2397130.0,0.6740198266706358,0.827352660333974,1.40959238249461,1.500641273695936,1.5715190926358134,0.9748532746244366,1.842317308714438
2024-09-03,0,BOGO,338250.0,0.0,115560.0,34310.0,57510.0,6560.0,24460.0,50690.0,2428222.0,0.2535816933589858,1.3036241768501469,1.440829818473283,1.6022069308361262,1.5561304992595417,1.0813437093991154,1.79828894021504
2024-09-10,0,Coupons,345150.0,0.0,102670.0,39860.0,25580.0,9510.0,36380.0,45310.0,2344293.0,0.08304416283502336,1.30594598623866,1.5092585892510668,1.3160791858205212,1.7098597850171866,1.3207633193626995,1.7368759020050772
2024-09-17,0,Flash Sale,288400.0,0.0,99710.0,39670.0,28820.0,9110.0,36660.0,59960.0,2362028.0,0.025645269217537625,1.2894453209098828,1.5465637145748945,1.2177245070562948,1.759625581166571,1.3868466269162696,1.7916195218928794
2024-09-24,0,Coupons,291800.0,0.0,85130.0,47110.0,59430.0,7190.0,40690.0,71450.0,2315114.0,0.0077628722811833055,1.1977670469685826,1.62826604560436,1.5277399348143221,1.6891129117665706,1.4628965284739175,1.8887121853530693
2024-10-01,0,BOGO,321450.0,79840.0,67340.0,0.0,41040.0,7430.0,38940.0,54260.0,2858186.0,1.2126555082495327,1.05631508201208,1.240406801782763,1.453298139625571,1.664675843543319,1.4607841969840907,1.8483923502839597
2024-10-08,0,Normal,255250.0,75990.0,109890.0,0.0,64690.0,7590.0,39010.0,71760.0,2936969.0,1.374975189412921,1.3032732530743112,0.905921840345817,1.649025256141766,1.6607622396591062,1.4611149743201424,1.9216826362477004
2024-10-15,0,Normal,259950.0,64360.0,77290.0,0.0,19030.0,9950.0,17080.0,36490.0,2692270.0,1.332094170353331,1.1500309017334596,0.6336768717289617,1.261644184181471,1.7770859916784827,1.1013143735857422,1.763549125042652
2024-10-22,0,Coupons,336850.0,73710.0,108200.0,0.0,47970.0,8050.0,38740.0,38820.0,2692682.0,1.3901749289161394,1.3089724429703353,0.4257357383557353,1.424623267228466,1.7415547483425244,1.362092294007785,1.6712203743627971
2024-10-29,0,BOGO,284000.0,95460.0,101090.0,51560.0,33230.0,0.0,34370.0,65180.0,3026098.0,1.5531755346029867,1.2980014434442246,1.2159977614584954,1.321110718576051,1.209886520896243,1.3644476420437999,1.7873146588361082
2024-11-05,0,BOGO,282150.0,92540.0,71060.0,40920.0,50860.0,0.0,28650.0,66760.0,3007796.0,1.5796818254778753,1.1064730126099416,1.4000255866046187,1.4752184647884412,0.777742001712107,1.274368520573017,1.8600374852837431
2024-11-19,0,Coupons,313900.0,71100.0,118260.0,51070.0,39590.0,0.0,24110.0,60600.0,2938449.0,1.4487369751976433,1.3575259090422918,1.5828637571566344,1.4153901180599266,0.462649170721308,1.1648809729373246,1.8670515790549445
2024-11-26,0,Flash Sale,321850.0,57070.0,115430.0,63280.0,39190.0,0.0,37100.0,48750.0,3002408.0,1.2986385515177683,1.3862325557573705,1.7653686374351796,1.3859586198498115,0.2578448483999996,1.3522547209595626,1.802242793924883
2024-12-03,1,BOGO,291100.0,95840.0,115640.0,0.0,45700.0,7360.0,0.0,77900.0,2909352.0,1.533056482410523,1.3929713488792455,1.362574175329513,1.444991987785046,1.1644396973353845,0.6204903702628012,1.9293489664232983
2024-12-10,0,Normal,301750.0,94030.0,99830.0,0.0,25300.0,7280.0,0.0,70530.0,2738833.0,1.5829323486254687,1.3084447171171727,1.0093224721248706,1.231800958863068,1.419913432117752,0.22948496082782685,1.9613257327873146
2024-12-17,0,Flash Sale,270850.0,89550.0,109920.0,0.0,24970.0,6370.0,0.0,78660.0,2685424.0,1.570250934812715,1.34726460687217,0.716006335001107,1.127160901549961,1.469886740289371,0.07453735133213561,2.020236963678402
2024-12-24,1,BOGO,299800.0,84480.0,111810.0,0.0,41900.0,4990.0,0.0,34730.0,2440516.0,1.534623442582049,1.3650317044712763,0.4871967963911391,1.3102993815358366,1.403405702165368,0.022950291109692007,1.8234807117354206
2024-12-31,0,BOGO,300075.0,65610.0,0.0,61940.0,62490.0,7860.0,0.0,0.0,2356865.0,1.3940888030294825,0.4594288124278732,1.3469382727419674,1.5842476661339997,1.5542044537930122,0.006940561096445754,1.4148883787705935
2025-01-07,0,Normal,225050.0,48240.0,0.0,58670.0,25490.0,8970.0,0.0,0.0,2080698.0,1.2045807006593205,0.1103187027042277,1.6185997727502601,1.3054663565405686,1.6813305885816596,0.002087231000123002,1.0541782935128041
2025-01-14,0,BOGO,265100.0,49920.0,0.0,59010.0,56340.0,8520.0,0.0,0.0,1872303.0,1.1556978349111664,0.023058866655542493,1.7543698508932224,1.5246696342722887,1.7169673807058603,0.0006266268632879847,0.7522505147748961
2025-01-21,0,Normal,273150.0,58720.0,0.0,61020.0,21480.0,8470.0,0.0,0.0,1667961.0,1.2204257285987001,0.004654506478763426,1.8405806950843406,1.223011008893816,1.7318507366260103,0.00018802929185948193,0.5146553806383033
2025-01-28,0,Normal,276950.0,58640.0,109340.0,0.0,39580.0,0.0,24070.0,0.0,2282909.0,1.238369172618111,1.192578118867651,1.4303393358550394,1.3158209981534692,1.2016355159088343,0.8880098786338317,0.3392092730615617
2025-02-04,0,Coupons,329550.0,50840.0,93800.0,0.0,35540.0,0.0,44390.0,0.0,2239398.0,1.1749005547393363,1.231866430258681,1.0674897853062724,1.302756220074286,0.77139245914418,1.40283834197534,0.21696631932720156
2025-02-11,0,BOGO,340100.0,78050.0,106970.0,0.0,43440.0,0.0,26180.0,0.0,2211286.0,1.3809043108367762,1.3165209366564317,0.7630660155969382,1.3895700787252363,0.45830285858078645,1.2457744051347184,0.1357376434872929
2025-02-18,0,BOGO,269400.0,59860.0,105610.0,0.0,47620.0,0.0,49420.0,0.0,2198906.0,1.2982841130945864,1.3250674246387173,0.5228957033773037,1.466354929145646,0.2551800068513963,1.5431289704001407,0.08363208603174907
2025-02-25,0,Coupons,274250.0,49920.0,103220.0,0.0,42350.0,0.0,45740.0,0.0,2061409.0,1.1861752159163639,1.3133702941259098,0.3451085623864418,1.4412574366005422,0.13570761892544292,1.5731097650560575,0.05101367902151464
2025-03-04,0,Coupons,313300.0,73840.0,0.0,56750.0,0.0,8850.0,53180.0,49650.0,2600829.0,1.3519782718787985,0.4342061884512473,1.2554430431763357,0.8287275947042992,1.2658692876072752,1.6689182802115612,1.045917927252187
2025-03-11,0,Flash Sale,300350.0,99120.0,0.0,53390.0,0.0,6770.0,35020.0,76200.0,2661865.0,1.566425646724328,0.10323093420116801,1.533379411847388,0.41618149926449244,1.4267751154596746,1.4754046355728752,1.5877161330539222
2025-03-18,0,Normal,361900.0,57430.0,0.0,50290.0,0.0,6370.0,18320.0,67240.0,2313007.0,1.344032656495258,0.02151633985842294,1.6457488905604234,0.1876941074333562,1.4731562169443475,1.1315343923792136,1.7566543885709585
2025-03-25,0,BOGO,316700.0,70760.0,0.0,51970.0,0.0,7790.0,42400.0,77840.0,2348513.0,1.3716888099792564,0.004340463632724567,1.7196378801095484,0.07935240561912697,1.5807773858878504,1.4229921189622938,1.9051936960075195
2025-04-01,0,Coupons,339150.0,73510.0,0.0,64010.0,50850.0,5540.0,34930.0,78780.0,2321031.0,1.4000863640475434,0.0008696012049654705,1.8407085240083991,1.1956015324450713,1.4991204931033837,1.3913776612026922,1.9894724824870869
2025-04-08,0,Coupons,273850.0,66490.0,0.0,59150.0,20110.0,5180.0,46220.0,55920.0,2283433.0,1.3563772590189915,0.00017398074801526636,1.8776884742986246,1.0370715516846927,1.4318987398418705,1.5374032904752668,1.921437209481834
2025-04-15,0,Normal,305350.0,96950.0,0.0,61280.0,34670.0,6530.0,29220.0,78140.0,2265005.0,1.5540235336674877,3.479857123136832e-05,1.9118658945898057,1.1871714737403685,1.4857777683732574,1.3433845785973006,1.9952879814327629
2025-04-22,0,Coupons,268100.0,74680.0,0.0,60220.0,51450.0,5130.0,43970.0,75660.0,2297148.0,1.4647991489587588,6.95981112219267e-06,1.925684840103339,1.4375681650402776,1.4214182643632172,1.4956600680623073,2.025224610786563
2025-04-29,0,Coupons,286500.0,64950.0,62560.0,51750.0,0.0,9470.0,0.0,55010.0,2673234.0,1.3655606062387253,0.8385019169093675,1.8838385727958502,0.8260060911253406,1.6521681158896349,0.7123046473548933,1.9397759821698288
2025-05-06,1,BOGO,286250.0,0.0,113000.0,73170.0,0.0,7970.0,0.0,49590.0,2643034.0,0.6288089880798213,1.290340305318978,1.9829098150044062,0.4145378792555808,1.6746053605334688,0.2712517985456981,1.8542223783346214
2025-05-13,0,Normal,313000.0,59090.0,91480.0,37650.0,0.0,9950.0,0.0,55480.0,2565427.0,1.1017102145588638,1.23739526754203,1.8340320386976778,0.18686823172940914,1.7832711515886257,0.08936672215785098,1.8341354623479416
2025-05-20,1,Coupons,244800.0,62490.0,109880.0,65310.0,0.0,7200.0,0.0,72400.0,2616604.0,1.2383718154438936,1.333761077651096,1.9108394332741225,0.07898433810953118,1.7023784243462092,0.027658430708136353,1.9172028717741962
2025-05-27,0,Normal,252900.0,58460.0,108570.0,29280.0,0.0,6460.0,0.0,60040.0,2563774.0,1.242155549445925,1.344829544660336,1.7267556934881703,0.03234612679316836,1.6191915487135842,0.0083781479041928,1.89844179345077
2025-06-03,0,Normal,343000.0,0.0,77250.0,66050.0,64250.0,7110.0,0.0,56800.0,2309863.0,0.5532648480787671,1.1596108486681969,1.8572730695852844,1.3569978187636007,1.6117729021005376,0.00252082289631192,1.8689081770759217
2025-06-10,0,Coupons,242350.0,0.0,74900.0,53250.0,22190.0,6980.0,0.0,66050.0,2180514.0,0.20022395003877305,1.1018093350002545,1.8510247111897546,1.1459688576049574,1.6007393055194175,0.0007569143206110964,1.9025140151884206
2025-06-17,0,Normal,321100.0,0.0,120120.0,53610.0,54870.0,6220.0,0.0,54990.0,2058161.0,0.06438497490862409,1.3668021999296833,1.8495168541863216,1.4610218869919858,1.551127523478714,0.00022713445877901162,1.861193492687333
2025-06-24,0,BOGO,371350.0,0.0,65420.0,44710.0,50040.0,5420.0,0.0,57630.0,1906430.0,0.019754458468212683,1.084336179804137,1.791130942652888,1.5174227847328638,1.4755035004761194,6.814575475429607e-05,1.8508307455077349
2025-07-01,0,Flash Sale,244950.0,46380.0,98600.0,67170.0,52800.0,5900.0,0.0,57610.0,2603953.0,0.8658283378642169,1.2414814896332311,1.898398516116986,1.5652436575016155,1.466864378605447,2.0444214034327743e-05,1.8444455892926546
2025-07-08,0,Normal,292950.0,79920.0,110120.0,35310.0,22270.0,5860.0,0.0,38990.0,2639995.0,1.3285383399536417,1.3358297107347108,1.7600290581598719,1.2552721916697551,1.4599235107302202,6.133308096836139e-06,1.7262891924609531
2025-07-15,0,Normal,300075.0,54180.0,92280.0,49580.0,39440.0,5530.0,0.0,41540.0,2621384.0,1.233787655518937,1.2519736949228792,1.7688094423140266,1.326042672386145,1.4347043518688054,1.8399963788882338e-06,1.665829592683381
2025-07-22,0,BOGO,328000.0,65240.0,83470.0,65060.0,35730.0,9100.0,0.0,62850.0,2655601.0,1.2971223094137976,1.1790142269415373,1.8735962392978296,1.3092068021107859,1.6375539740468228,5.519992691531582e-07,1.7700380547638175
2025-07-29,0,Coupons,304650.0,72730.0,0.0,65200.0,0.0,0.0,36400.0,70530.0,2783100.0,1.3730871746340736,0.37172460679773167,1.9323811528610748,0.7329898442291887,1.1220968943588057,1.1514819780822898,1.8718599207423552
2025-08-05,0,Normal,339800.0,71990.0,0.0,40060.0,0.0,0.0,44820.0,75640.0,2567493.0,1.389358161764806,0.08622054703580716,1.8148881121985536,0.35943347234488904,0.7108121377853653,1.461414211103699,1.9551126305164113
2025-08-12,0,BOGO,328050.0,51310.0,0.0,53820.0,0.0,0.0,49650.0,52590.0,2372824.0,1.229757952648856,0.01784909458269498,1.829303761100586,0.15957057946769848,0.4172763502073469,1.598134962811585,1.881125847228267
2025-08-19,0,Coupons,315300.0,57010.0,0.0,61290.0,0.0,0.0,38970.0,49540.0,2192540.0,1.2271026332709347,0.0035953971412000818,1.8841569570408063,0.06691334258267087,0.23024702395919183,1.5037942931112638,1.8159835918194822
2025-08-26,0,Coupons,336850.0,86240.0,0.0,68350.0,0.0,0.0,36000.0,69320.0,2163927.0,1.4522334560445311,0.000720114322368684,1.9562813311932117,0.02730493206875039,0.12173563724262051,1.4323967679676757,1.8903638980580921
2025-09-02,0,Normal,264500.0,49840.0,92550.0,0.0,45070.0,5630.0,0.0,40260.0,2539843.0,1.2398398958104981,1.079232017449709,1.5355299014577652,1.107001235056051,0.9701216487485467,0.6712174587522686,1.7654990895741287
2025-09-09,0,Normal,288950.0,80860.0,95280.0,0.0,52000.0,5830.0,0.0,75010.0,2574071.0,1.4174860428847758,1.2202548476447963,1.1588513855500513,1.419248944180056,1.2379592614202948,0.25230257800835343,1.8943397300193023
2025-09-16,0,Coupons,322050.0,84510.0,80060.0,0.0,47160.0,8860.0,0.0,55870.0,2481141.0,1.4897820295142532,1.1498651881144981,0.8380103614958881,1.472749340579233,1.5476858628418328,0.08258926326766322,1.8611036536189904
2025-09-23,0,BOGO,327450.0,50510.0,109620.0,0.0,21820.0,5830.0,0.0,50900.0,2342117.0,1.259571153067111,1.3169611996232051,0.5805705218356628,1.1998533530914166,1.4995618528407328,0.025500759382802534,1.8113644496578334
2025-09-30,0,Coupons,300075.0,99470.0,0.0,0.0,49440.0,0.0,33750.0,60530.0,2479184.0,1.5470300099048142,0.4359378140917141,0.3867813943190993,1.420055414408841,1.0079078938059425,1.102990365250181,1.837930930638354
2025-10-07,0,Normal,313350.0,88360.0,0.0,0.0,54650.0,0.0,30980.0,38290.0,2205311.0,1.552055302592663,0.10371343276460189,0.24946665468884435,1.5469825514643973,0.6259017806122432,1.2368573690086249,1.7173118444325672
2025-10-14,0,Coupons,328300.0,74540.0,0.0,0.0,56910.0,0.0,33340.0,67980.0,2034506.0,1.463196442214685,0.021621075923099312,0.15700756265454627,1.6138771657571729,0.3611409692332418,1.3122396601499673,1.828774843026818
2025-10-21,0,Normal,248300.0,94850.0,0.0,0.0,30420.0,0.0,17090.0,35370.0,1851341.0,1.5685496057147847,0.0043617746289155565,0.09712914024157572,1.3783586703731259,0.19678550303789738,1.040215761572539,1.6916544681247618
2025-10-28,0,BOGO,323650.0,0.0,0.0,32760.0,0.0,7320.0,23980.0,55130.0,1803401.0,0.760761208224876,0.0008738782598411796,0.8616424151656263,0.7826922018883837,1.1488680009668324,1.089851469816716,1.7355352699054616
2025-11-04,0,Normal,301700.0,0.0,0.0,42850.0,0.0,7730.0,24440.0,61190.0,1597048.0,0.2941396926285254,0.0001748367557030118,1.2608069010044451,0.3886181630874304,1.4440395259287868,1.1132929443918864,1.7983293279389958
2025-11-11,0,Coupons,290150.0,0.0,0.0,39500.0,0.0,6390.0,44460.0,75000.0,1513716.0,0.09766323304180316,3.496979665740444e-05,1.4089034665961269,0.17393356130861237,1.4827042100441383,1.4481204516049109,1.9117368540096102
2025-11-18,0,BOGO,273250.0,0.0,0.0,66970.0,0.0,8110.0,49940.0,41410.0,1444750.0,0.030313296051319903,6.9940571630993775e-06,1.7091683755300902,0.07324172665026896,1.603238211062272,1.5981649980629797,1.7871402955196733
2025-11-25,1,Flash Sale,307250.0,0.0,0.0,61370.0,0.0,7960.0,36530.0,50540.0,1282763.0,0.009190860905253806,1.3988153459721972e-06,1.818220202341851,0.029943427714144356,1.6504458232499715,1.471045978167721,1.7631103766448974
2025-12-02,0,Coupons,350600.0,97170.0,0.0,49110.0,0.0,7640.0,0.0,34090.0,1772506.0,1.354573300418879,2.797632257292331e-07,1.800735672252667,0.012085175374469707,1.656315125212519,0.6962104927366997,1.6378790813995328
2025-12-09,0,Normal,270000.0,54330.0,0.0,66890.0,0.0,9020.0,0.0,56280.0,1686361.0,1.2437286867412907,5.595265140724396e-08,1.9019218948019316,0.004851610351858472,1.7300608993223563,0.2637792669923488,1.7126204699878895
2025-12-16,1,Flash Sale,317050.0,0.0,0.0,58050.0,0.0,8540.0,0.0,73050.0,1625483.0,0.5542050189421357,1.1190530531904732e-08,1.9070475330673828,0.0019434696266467414,1.7417560235696756,0.08668421161404265,1.855658968989515
2025-12-23,0,Normal,293700.0,81050.0,0.0,63930.0,0.0,6320.0,0.0,38050.0,1602643.0,1.285920913135186,2.2381061163991843e-09,1.944225336172595,0.0007778411582236995,1.633167188990294,0.026803234860544325,1.727789269218882
2025-12-30,0,Coupons,280950.0,91730.0,77830.0,58350.0,35670.0,0.0,0.0,35070.0,2414361.0,1.503395090012583,0.9682597197043298,1.934244384934322,0.9533633417725368,1.1184255825909317,0.008116672257412881,1.6211009166557409
2026-01-06,0,Normal,270900.0,62010.0,104850.0,47590.0,30610.0,0.0,0.0,73690.0,2535608.0,1.3563735781480617,1.2604694698775585,1.8638117854879677,1.1005251828999234,0.7080438324429577,0.0024419265922195044,1.8129361117273004
2026-01-13,0,Normal,316050.0,89100.0,72030.0,42660.0,30340.0,0.0,0.0,42940.0,2502857.0,1.5037252224206796,1.1042805236985354,1.7866511550420194,1.1500044751455178,0.4154208250939568,0.0007332042970175569,1.7310215857031974
2026-01-20,0,Normal,294550.0,74040.0,126320.0,37360.0,53570.0,0.0,0.0,72720.0,2624574.0,1.4441247058063742,1.3998002964649958,1.6994359596418387,1.44864741809098,0.22912886752442663,0.0002200177414197029,1.8634009731798105
2026-01-27,0,BOGO,252250.0,52100.0,0.0,32600.0,66780.0,7200.0,48000.0,54190.0,2824619.0,1.2560472670775937,0.4767793980311841,1.605827856424297,1.6653212598278775,1.144570343760586,1.3486472592900707,1.8322466524344732
2026-02-03,0,Coupons,344050.0,85530.0,0.0,70010.0,50940.0,6970.0,43910.0,72450.0,2747119.0,1.4543533683993388,0.11526930857666466,1.8212943228337135,1.6077328681632006,1.3909341084790103,1.4962203263148932,1.9164292661190274
2026-02-10,0,Coupons,291550.0,101390.0,0.0,62690.0,26080.0,6700.0,30940.0,77400.0,2676494.0,1.6057499487252256,0.02414135987799904,1.8880982025405733,1.324982818568514,1.4774812103873036,1.3552885131977954,1.9888056362034414
2026-02-17,0,Normal,265650.0,69870.0,0.0,46370.0,53250.0,9370.0,35660.0,52510.0,2489367.0,1.4492291687446297,0.004875121596033038,1.8265514451901748,1.5006530324959235,1.669551068617324,1.3818519841138237,1.9025873450795683
2026-02-24,0,Normal,354750.0,65320.0,0.0,58950.0,38760.0,5350.0,35010.0,56360.0,2299871.0,1.3632311036988864,0.000976927518058761,1.8682970249468476,1.4173205228831023,1.5369041577009235,1.3800157400981818,1.868994189798491
